Adolfo;abbondanza;Italy
Adriano;abu;Italy
Agostino;accadia;Italy
Alberto;acunzo;Italy
Aldo;adorno;Italy
Alessandro;Agostini;Italy
Alessio;aguila;Italy
Alfio;ahamed;Italy
Alfredo;ahmed el ghandor;Italy
Alvaro;Aiello;Italy
Ambrogio;alam;Italy
Amedeo;albanese;Italy
Andrea;Albanese;Italy
Angelo;alfano;Italy
Antonello;alpi;Italy
Antonio;amato;Italy
Armando;Amato;Italy
Arnaldo;andronico;Italy
Arturo;andruccioli;Italy
Attilio;angelicchio;Italy
Augusto;angiuli;Italy
Aurelio;anklin;Italy
Bartolomeo;antonelli;Italy
Battista;Antonelli;Italy
Benedetto;antosh;Italy
Beniamino;apa;Italy
Bernardo;apreda;Italy
Biagio;Arena;Italy
Bruno;arlati;Italy
Calogero;armaroli;Italy
Camillo;assal;Italy
Carlo;attendoli;Italy
Carmelo;avello;Italy
Carmine;avendato;Italy
Cesare;azzarri;Italy
Claudio;bagnaia;Italy
Clemente;bagnato;Italy
Corrado;baiano;Italy
Cosimo;baldari;Italy
Costantino;Baldi;Italy
Cristiano;baldinotti;Italy
Damiano;balice;Italy
Daniele;balloni;Italy
Danilo;balta;Italy
Dario;baragliu;Italy
Davide;Barbieri;Italy
Diego;bardi;Italy
Dino;barone;Italy
Domenico;Barone;Italy
Donato;baronti;Italy
Edoardo;barruga;Italy
Egidio;barsanti;Italy
Elia;bartolini;Italy
Elio;bartolucci;Italy
Emanuele;basile;Italy
Emiliano;Basile;Italy
Emilio;bassani;Italy
Enrico;bassano;Italy
Enzo;bassolino;Italy
Ermanno;Battaglia;Italy
Ernesto;battelli;Italy
Ettore;bazhanova;Italy
Eugenio;bazzocchi;Italy
Ezio;bellaneve;Italy
Fabio;bellettini;Italy
Fabrizio;Bellini;Italy
Fausto;bellino;Italy
Federico;bellinzoni;Italy
Felice;bello;Italy
Ferdinando;bencivenga;Italy
Fernando;Benedetti;Italy
Filippo;benhadda;Italy
Fiorenzo;bennada epse herichi;Italy
Flavio;bentivegna;Italy
Fortunato;bento da silva;Italy
Francesco;berardi;Italy
Fulvio;bernacci;Italy
Gabriele;bernardi;Italy
Gaetano;Bernardi;Italy
Gaspare;bertini;Italy
Gennaro;bevilacqua;Italy
Gerardo;bianchi;Italy
Germano;Bianchi;Italy
Giacomo;Bianco;Italy
Gianfranco;biondini;Italy
Gianluca;blasi;Italy
Gianluigi;blasi;Italy
Gianni;boes;Italy
Gianpaolo;boncompagni;Italy
Gianpiero;bonn;Italy
Gianpietro;bonomo;Italy
Gilberto;bonsignore;Italy
Gioacchino;bonventre;Italy
Gioele;borgat-wohlbang;Italy
Giorgio;borghini;Italy
Giovanni;borkowska;Italy
Girolamo;borrelli;Italy
Giuliano;boschi;Italy
Giulio;botnariu;Italy
Giuseppe;boubaker;Italy
Graziano;bragioto;Italy
Gregorio;Brambilla;Italy
Guglielmo;brizi;Italy
Guido;brunetti;Italy
Iacopo;bruni;Italy
Ignazio;Bruni;Italy
Ilario;Bruno;Italy
Italo;buccolieri;Italy
Ivan;bugli;Italy
Ivano;buongrazio;Italy
Ivo;burla;Italy
Leonardo;bushulli;Italy
Livio;caccamo;Italy
Lorenzo;cagnotti;Italy
Loris;Calabrese;Italy
Luca;caldironi;Italy
Luciano;caligari;Italy
Lucio;caligiuri;Italy
Ludovico;callegarini;Italy
Luigi;campana;Italy
Manuele;campanella;Italy
Marcello;cangini;Italy
Marco;canichella;Italy
Mariano;caniglia;Italy
Marino;cannizzaro;Italy
Mario;capanna;Italy
Martino;capelli;Italy
Massimiliano;capitani;Italy
Massimo;capone;Italy
Matteo;caporilli;Italy
Mattia;Caputo;Italy
Maurizio;caraballo;Italy
Mauro;Carbone;Italy
Michelangelo;cardinetti;Italy
Michele;carina;Italy
Mirko;carpi marasco;Italy
Moreno;carrara;Italy
Natale;carucci;Italy
Nicola;carullo;Italy
Nicol?;Caruso;Italy
Omar;casadei;Italy
Orazio;casali;Italy
Oreste;casella;Italy
Orlando;castagna;Italy
Oscar;castagnoli;Italy
Osvaldo;castaldi;Italy
Ottavio;castaldo;Italy
Paolo;Castelli;Italy
Pasquale;Catalano;Italy
Patrizio;cataldi;Italy
Pierangelo;Cattaneo;Italy
Piergiorgio;cauteruccio;Italy
Pierluigi;Cavallo;Italy
Piero;cavaterra;Italy
Pietro;Ceccarelli;Italy
Raffaele;ceccaroni;Italy
Raimondo;cecchetti;Italy
Remo;cecere;Italy
Renato;cellini;Italy
Renzo;celotti;Italy
Riccardo;cenciarelli;Italy
Roberto;ceraldi;Italy
Rocco;cerchierini;Italy
Rodolfo;cerilli;Italy
Rolando;chaibi;Italy
Romano;charaf;Italy
Romeo;cheikh talibouya;Italy
Romolo;chesti;Italy
Rosario;chiricozzi;Italy
Ruggero;ciampaglia;Italy
Salvatore;ciarla;Italy
Salvo;ciarlariello;Italy
Samuele;cicconi;Italy
Sandro;cichon;Italy
Santo;ciervo;Italy
Saverio;cipollone;Italy
Savino;Cirillo;Italy
Sebastiano;clementucci;Italy
Sergio;clesceri;Italy
Silvano;coccia;Italy
Silvio;colle;Italy
Simone;colli;Italy
Stefano;Colombo;Italy
Tiziano;colombo;Italy
Tommaso;colongi;Italy
Ubaldo;colonna;Italy
Ugo;coluccia;Italy
Umberto;coluccio;Italy
Valentino;comini;Italy
Valerio;conflitti;Italy
Valter;conte;Italy
Vincenzo;Conte;Italy
Virgilio;Conti;Italy
Virginio;contiu;Italy
Vito;Coppola;Italy
Vittorio;corrado;Italy
Walter;corraretti;Italy
;corrias;Italy
;cospito;Italy
;costa;Italy
;Costa;Italy
;costantini;Italy
;Costantini;Italy
;coulier;Italy
;covato;Italy
;cozzolino;Italy
;crepaldi;Italy
;croce;Italy
;crognale;Italy
;curcio;Italy
;cusin;Italy
;cutillo;Italy
;d'achille;Italy
;d'agapito;Italy
;d'alessandro;Italy
;dallago;Italy
;d'ambrosio;Italy
;d'amico;Italy
;d'amora;Italy
;d'amore;Italy
;De Angelis;Italy
;de bacco;Italy
;de cataldo;Italy
;de domenico;Italy
;de filippis;Italy
;de florio;Italy
;de freitas sousa tavares;Italy
;de la cruz;Italy
;De Luca;Italy
;de matteo;Italy
;de peppe;Italy
;De Rosa;Italy
;de santis;Italy
;De Santis;Italy
;de simone;Italy
;De Simone;Italy
;de stefano;Italy
;de sterlich;Italy
;deiana;Italy
;del aguila rosario;Italy
;delgadillo vargas;Italy
;delgado;Italy
;d'emilia;Italy
;di benimeo;Italy
;di carlo;Italy
;di lena;Italy
;di maio;Italy
;di marco;Italy
;di mario;Italy
;di menna;Italy
;di paolo;Italy
;di pasquale;Italy
;di renna;Italy
;di ruzza;Italy
;di santo;Italy
;di sipio;Italy
;Di Stefano;Italy
;di tuoro;Italy
;diacetti;Italy
;diamantini;Italy
;disabato;Italy
;dolciotti;Italy
;domenicali;Italy
;donatantonio;Italy
;donati;Italy
;Donati;Italy
;donatini;Italy
;donnhauser;Italy
;dorascenzi;Italy
;d'ottavio;Italy
;dotti;Italy
;ducci;Italy
;eichenberger;Italy
;el falaki;Italy
;el hallaf;Italy
;el haqaoui;Italy
;el kaaba armit;Italy
;emili;Italy
;emumwen;Italy
;ercolani;Italy
;ermeti;Italy
;errahmani;Italy
;errichetti;Italy
;esposito;Italy
;Esposito;Italy
;Fabbri;Italy
;fabbrizi;Italy
;fabiani;Italy
;fadda;Italy
;farazi;Italy
;Farina;Italy
;fasano;Italy
;fassbender;Italy
;fazi;Italy
;felici;Italy
;Ferrante;Italy
;Ferrara;Italy
;ferrarese;Italy
;ferrari;Italy
;Ferrari;Italy
;Ferraro;Italy
;Ferrero;Italy
;Ferretti;Italy
;Ferri;Italy
;Ferro;Italy
;fiadone;Italy
;fico;Italy
;filagna;Italy
;filipek;Italy
;filippelli;Italy
;filippi;Italy
;finiti;Italy
;fiordigigli;Italy
;Fiore;Italy
;fiumi;Italy
;fiuzzi;Italy
;focaccia;Italy
;fontana;Italy
;Fontana;Italy
;fontanella;Italy
;fontanilla;Italy
;fontolan;Italy
;forcina;Italy
;forcina;Italy
;fortini;Italy
;fossaroli;Italy
;fralassi;Italy
;Franco;Italy
;frasca;Italy
;fraticelli;Italy
;fratini;Italy
;freschi;Italy
;Fumagalli;Italy
;Fusco;Italy
;fusini;Italy
;gagliardi;Italy
;galli;Italy
;Galli;Italy
;Gallo;Italy
;galotti;Italy
;gamberini;Italy
;Gargiulo;Italy
;Garofalo;Italy
;gasmi;Italy
;gatti;Italy
;Gatti;Italy
;gealapu;Italy
;Gentile;Italy
;gentili;Italy
;gentilini;Italy
;ghazi;Italy
;ghini;Italy
;giannetti;Italy
;gigante;Italy
;gindre;Italy
;Giordano;Italy
;giorgetti;Italy
;Giorgi;Italy
;giorgio;Italy
;giuliani;Italy
;Giuliani;Italy
;giura;Italy
;giurgola;Italy
;gnani;Italy
;gori;Italy
;graffiedi;Italy
;grande;Italy
;Grassi;Italy
;Grasso;Italy
;grebenea;Italy
;Greco;Italy
;Grimaldi;Italy
;gromala;Italy
;grossi pavia;Italy
;guaman;Italy
;gubinelli;Italy
;Guerra;Italy
;guida;Italy
;guidi;Italy
;Guidi;Italy
;guillen crespo;Italy
;gutjahr;Italy
;guzman soriano;Italy
;haji;Italy
;hajji;Italy
;harasymiuk;Italy
;harroud;Italy
;haryadi;Italy
;hijjoui;Italy
;hossain;Italy
;huaman lopez;Italy
;hushchyna;Italy
;iachini;Italy
;iacoangeli;Italy
;iacobelli;Italy
;ianne;Italy
;iatalese;Italy
;infante;Italy
;iuliano;Italy
;jagmin;Italy
;jaschke;Italy
;jebrane;Italy
;jianu;Italy
;kamal;Italy
;karim;Italy
;kazi;Italy
;kellmann;Italy
;kosek;Italy
;kovacs;Italy
;la bella;Italy
;la sorda;Italy
;labella;Italy
;lacerenza;Italy
;laita;Italy
;lanconelli;Italy
;lanzoni;Italy
;latini;Italy
;lattanzi;Italy
;laurenti;Italy
;lazar;Italy
;lazazzera;Italy
;lecca;Italy
;lelli;Italy
;lena;Italy
;Leone;Italy
;leonetti;Italy
;lesniewska;Italy
;liberto;Italy
;linzi;Italy
;lippi;Italy
;Lombardi;Italy
;Lombardo;Italy
;Longo;Italy
;lopez;Italy
;Lorusso;Italy
;lucani;Italy
;lucarini;Italy
;lucchesini;Italy
;lucchi;Italy
;lunerti;Italy
;luzietti;Italy
;luzzi;Italy
;magalotti;Italy
;mahu;Italy
;malagigi;Italy
;maldini;Italy
;mamone;Italy
;manchia;Italy
;Mancini;Italy
;mane;Italy
;mane';Italy
;mangano;Italy
;manzi;Italy
;marano;Italy
;marata;Italy
;marchesini;Italy
;Marchetti;Italy
;marchi;Italy
;Marchi;Italy
;mariani;Italy
;Mariani;Italy
;Marini;Italy
;Marino;Italy
;marocchini;Italy
;maroncelli;Italy
;Marra;Italy
;martellini;Italy
;Martinelli;Italy
;Martini;Italy
;martino;Italy
;Martino;Italy
;martys;Italy
;mascali zeo;Italy
;masetti;Italy
;massa;Italy
;mathlouthi;Italy
;mattioni;Italy
;mauro;Italy
;Mazza;Italy
;medda;Italy
;Mele;Italy
;Meloni;Italy
;mena;Italy
;mercantini;Italy
;Messina;Italy
;metozzi;Italy
;meucci;Italy
;mezzogori;Italy
;michilli;Italy
;Milani;Italy
;milenov;Italy
;milutinovic;Italy
;mincuzzi;Italy
;minelli;Italy
;minestrini;Italy
;minnella;Italy
;minuz;Italy
;mirante;Italy
;mohammed;Italy
;moiano;Italy
;mollica;Italy
;Monaco;Italy
;monsone;Italy
;monsorno;Italy
;Montanari;Italy
;montevecchi;Italy
;Monti;Italy
;montuori;Italy
;Morelli;Italy
;Moretti;Italy
;Moro;Italy
;morselli;Italy
;morsiani;Italy
;moschetti;Italy
;moukrim;Italy
;mucci;Italy
;mugione;Italy
;muratori;Italy
;mussinelli;Italy
;naci;Italy
;napoli;Italy
;Napolitano;Italy
;narducci;Italy
;Neri;Italy
;niane;Italy
;nicastro;Italy
;nini;Italy
;nizzi;Italy
;nurul;Italy
;nuti;Italy
;odigwe;Italy
;oliva;Italy
;olivelli;Italy
;Olivieri;Italy
;orlandi;Italy
;Orlando;Italy
;ortu;Italy
;ossati;Italy
;Pace;Italy
;pacini;Italy
;paduano;Italy
;Pagano;Italy
;paglia;Italy
;pal ionut;Italy
;palatano;Italy
;palazzari;Italy
;palma;Italy
;Palmieri;Italy
;Palumbo;Italy
;panchetti;Italy
;panichi;Italy
;panza;Italy
;paolini;Italy
;papaleo;Italy
;paradisi;Italy
;parini;Italy
;Parisi;Italy
;parravani;Italy
;pascale;Italy
;pascucci;Italy
;pasolini;Italy
;pasquini;Italy
;passitto;Italy
;Pastore;Italy
;patruno;Italy
;patwary;Italy
;paul;Italy
;Pellegrini;Italy
;Pellegrino;Italy
;pelliccia;Italy
;pello';Italy
;pelo;Italy
;Pepe;Italy
;pereira de castro;Italy
;Perrone;Italy
;petritoli;Italy
;pezzuco;Italy
;pia;Italy
;piacentini;Italy
;piani;Italy
;Piazza;Italy
;piccoli;Italy
;Piccolo;Italy
;piersanti;Italy
;pierucci;Italy
;pierucci;Italy
;piga;Italy
;pinna;Italy
;Pinna;Italy
;Piras;Italy
;piro;Italy
;pisacane;Italy
;placidi;Italy
;planta;Italy
;Poli;Italy
;policarpo;Italy
;polidori;Italy
;polyzopoulos;Italy
;pompili;Italy
;pongetti;Italy
;poni;Italy
;popescu;Italy
;popovici;Italy
;porcu;Italy
;porta;Italy
;potalivo;Italy
;pozzi;Italy
;Pozzi;Italy
;pracucci;Italy
;prelati;Italy
;Proietti;Italy
;pucciotti;Italy
;pulsoni;Italy
;quadalti noferini;Italy
;quadrini;Italy
;quartarone;Italy
;rainesi;Italy
;ranfi;Italy
;ranucci;Italy
;raqabi;Italy
;rebeccato;Italy
;renzoni;Italy
;renzulli;Italy
;resende azevedo;Italy
;riboloni;Italy
;ricci;Italy
;Ricci;Italy
;Ricciardi;Italy
;ricciolino;Italy
;rifilato;Italy
;rimoldi;Italy
;Rinaldi;Italy
;Riva;Italy
;rizzelli;Italy
;Rizzi;Italy
;Rizzo;Italy
;robbio;Italy
;rocchi;Italy
;romagnoli;Italy
;romani bergonzo;Italy
;romano;Italy
;Romano;Italy
;Romeo;Italy
;rosata;Italy
;rosati;Italy
;rosato;Italy
;Rossetti;Italy
;rossi;Italy
;Rossi;Italy
;rotella;Italy
;rucci;Italy
;rudel;Italy
;Ruggeri;Italy
;ruggieri;Italy
;Ruggiero;Italy
;russo;Italy
;Russo;Italy
;saccone;Italy
;sala;Italy
;Sala;Italy
;salamone;Italy
;salvemini;Italy
;salvini;Italy
;sanges;Italy
;sanna;Italy
;Sanna;Italy
;santana moscato;Italy
;Santini;Italy
;Santoro;Italy
;santucci;Italy
;sarpieri;Italy
;sartori;Italy
;Sartori;Italy
;sassetti;Italy
;sassi;Italy
;sasvari;Italy
;satta;Italy
;sbreni;Italy
;scarale;Italy
;scardone;Italy
;scipioni;Italy
;scotti;Italy
;sebastiani;Italy
;sementilli;Italy
;sepe;Italy
;serban;Italy
;seri;Italy
;Serra;Italy
;sestito;Italy
;settembrini;Italy
;severi;Italy
;sgrigna;Italy
;siapian;Italy
;Silvestri;Italy
;simonetti;Italy
;simoni;Italy
;sipio;Italy
;siracusa;Italy
;soldati;Italy
;sorbalo;Italy
;sorgentone;Italy
;soro;Italy
;sorrentino;Italy
;Sorrentino;Italy
;spalletta;Italy
;speziale;Italy
;spoletini;Italy
;sposato;Italy
;stazzone;Italy
;stefanovich;Italy
;steffanina;Italy
;steffenoni;Italy
;stefoni;Italy
;strazzanti;Italy
;succi;Italy
;tabane;Italy
;taifi;Italy
;tambini;Italy
;tarani;Italy
;tarnogrodzki;Italy
;tarozzi;Italy
;taurone;Italy
;tazzari;Italy
;teodorani;Italy
;terracciano;Italy
;Testa;Italy
;tiglio;Italy
;tioni;Italy
;tiranno;Italy
;tisba;Italy
;toader;Italy
;tomassi;Italy
;torraca;Italy
;toso;Italy
;tosolini;Italy
;totaro;Italy
;tranquilli;Italy
;trasforini;Italy
;trombino;Italy
;tronconi;Italy
;tufano;Italy
;tulli;Italy
;turci;Italy
;urbini;Italy
;urzo;Italy
;usami;Italy
;vaccaro;Italy
;valbonesi;Italy
;valdinosi;Italy
;Valente;Italy
;Valentini;Italy
;valvano;Italy
;vandenbulcke;Italy
;vanni;Italy
;vannozzi;Italy
;vassura;Italy
;vella;Italy
;veneziani;Italy
;veneziano;Italy
;verastegui pereyra;Italy
;vidanalage;Italy
;villa;Italy
;Villa;Italy
;Villani;Italy
;vincenzi;Italy
;vinciguerra;Italy
;Vitale;Italy
;Vitali;Italy
;vitor;Italy
;Volpe;Italy
;von oppen;Italy
;wally;Italy
;wenz;Italy
;wicher;Italy
;williams;Italy
;wilmer;Italy
;wirth;Italy
;wozniak;Italy
;wozniczka;Italy
;zaccaria;Italy
;zak;Italy
;zamberlan;Italy
;zandoli;Italy
;zanella;Italy
;zanellati;Italy
;zanelli;Italy
;Zanetti;Italy
;zapalski;Italy
;zaratti;Italy
;zavalloni;Italy
;zavoli;Italy
;zecchini;Italy
;zenina;Italy
;zeolla;Italy
;zepponi;Italy
;zinnamosca;Italy
;zito;Italy
;zivkovic;Italy
;zolea;Italy
;zolnowski;Italy
;zuccherelli;Italy
;zurzolo;Italy
